{"coefficient": [0.32643900490708005, -0.38979952694489284, 0.18109768258999853, -0.8577414032576779, 0.3940795956253041, -0.36457909730111787, 0.17950454145504227, -0.48793049205442934, 0.480284279389484, -0.36958025219840546, 0.12877182268745732, -0.04068327781331476, 0.0, 0.0, 0.0, 0.0, -0.5510400400061196, -0.7308816813448048, 0.10029487880465383, -0.12030207585104151, 0.051626673905813304, -3.238168375215752, 0.07872465101274671, -0.14922285058681126, -0.2669205366317524, -1.5203087426536226, 0.23910264522056526, -1.6201392747401941, 0.0044452884388200145, -0.5053276700554951, -1.2831824876334852, -0.8191292895377535, -0.9580227364186947, 1.0532399100339884, 0.8347129781152928, 0.6316512751039215, -0.49137733345577395, 1.7354857972356443, 0.8474586096751285, 2.3082327552564434, -0.31329614542362455, 0.3224357701177104, 0.5894845235551208, 0.9727614425833563, 0.19180976249452494, 0.6234587975891747, -0.737592713700922, 2.0932520908539667, 0.1926026119264425, 0.04300884869999034, 0.15514991576069723, -0.6652986833140343, 0.31581051806168847, -0.46341489779517975, -1.0371743326863825, 0.490334355179241, -1.7052841927595652, -1.0636407710920026, -1.0530376121657696, -1.3675321255816193, 0.0, 0.0, 0.0, 0.0, -0.14573939605455066, -0.20560290272798643, -0.32503926596396887, -0.776280427613374, 0.7373346738735416, -1.1033211869452622, -1.5509801974521924, 0.1212803414228992, -0.17050722642356975, 0.22669302486557125, -0.9072193672773693, 1.3355842007790097, 0.0, 0.0, 0.0, 0.0, 0.4942486845026472, -0.37364851354024675, 0.12183412707988937, -0.036302036754626565, 0.0, 0.0, 0.0, 0.0, 0.0, 0.0, 0.0, 0.0, 0.0, 0.0, 0.0, 0.0, 0.0, 0.0, 0.0, 0.0], "intercept": -1.269051795722237}