{"coefficient": [0.1413373881712306, -0.598400085807328, -0.01604062604012442, 0.06444285039740491, 0.13860743387500124, -0.5946635788606361, -0.013711606664741064, 0.05046780421889385, 0.14716187859154797, -0.5899282294427056, -0.025376796563253135, 0.031175152292816918, 0.0, 0.0, 0.0, 0.0, -0.7290859577039136, 0.001627103630227909, -0.18923030067722824, 0.21043908309891535, 0.4694700302617336, -1.7601849106293712, -0.21278461627897835, 0.7500099528205407, -1.187577321002866, 0.10115612428567575, -0.2129658191972732, 0.01231184867434819, -0.03036378031079049, -1.1208046466251709, 0.060214898205912616, 0.3491102987680682, -0.42811958755725704, -0.4543220593848671, 0.22683843621377178, 0.2631209260388524, -2.2577792721682526, -1.6653754694451657, 1.3961129610652778, 0.4234251345932642, 0.9074109570450803, 0.39166125737976065, 0.8731709875577767, -0.22587023000470421, 0.714444350387546, 0.6776938699138003, 0.7416315685191023, -0.8247108511290343, 0.18141826388235405, 0.07955820021701548, -0.05830383875205164, -0.03835494437194144, -0.09016204060010362, 0.0013126485101222015, -0.09053154172323555, 0.08461137284512976, 0.07424648253945676, 0.022302038904561727, -0.11174866953931442, -0.026621112288519676, 0.0, 0.0, 0.0, 0.0, -0.3516618015182298, -0.486905966168222, 0.07806284844570723, 0.07643852018223568, -0.3806079812266971, 0.12488501904608827, -0.36270137868269825, 0.5671652396284343, 0.3562869133855566, -0.5319737689800343, -1.4143250161550474, -0.4712270568163708, 0.0, 0.0, 0.0, 0.0, 0.13796888009250707, -0.5899404503727816, -0.00358065201704317, 0.03512865925168831, 0.0, 0.0, 0.0, 0.0, 0.0, 0.0, 0.0, 0.0, 0.0, 0.0, 0.0, 0.0, 0.0, 0.0, 0.0, 0.0], "intercept": -0.6370001013570845}