{"coefficient": [-0.13786049285791432, -0.22357168994134569, 1.8446116330764577, 0.2592908774189178, -0.12384714212075879, -0.24813015147127152, 1.8466570336180446, 0.43206623572989494, -0.351925672232807, -0.22814164997403155, 1.9589385798216177, 0.6579006706854533, 0.0, 0.0, 0.0, 0.0, -0.5900414879318752, 0.13663194364839884, -0.26947907909307456, -2.805666137133862, -0.5462023182969106, -2.750705247701363, -1.3314754514797966, 2.301019128785485, 0.447337170042504, 0.7987318534499415, 0.8679447340943125, 0.7253694725005494, 0.20409393898724995, 1.0547890081001228, 0.918604234936031, 0.8295710297385941, -0.16365689528994676, -0.1999690480030551, 0.9087522203762917, -1.8729763649362323, -2.448707276629719, 5.017851444310074, -3.581271297138694, -1.9335709831278154, -1.8837744990433138, -0.370970331390717, -1.1071739097041293, 0.5138638388849391, 2.9811007708904027, -0.10386900701163095, 1.80195658031605, -0.2911858797259012, -0.8661348326655964, 0.7213612834274629, 1.5242947769815287, 1.1991582884775203, -0.6586099387928986, 2.703755289595542, -0.38120253801525533, 0.3965334512329481, 0.6825554194793038, -0.002222289323226715, 0.27599818524214476, 1.7515255891648676, 0.0, 0.0, 0.0, 0.0, 0.4601262387511199, -0.6615751124909302, 0.842338313782332, -1.2652430138469661, -0.8906268101112091, 0.738095858782659, 0.6987446093431626, 0.3062609512865863, -0.5840981844626173, 0.3126577511984181, -0.5705141582100873, 2.7482972667268157, 0.0, 0.0, 0.0, 0.0, -0.2638679451746268, -0.25437482755744417, 1.8760373260851073, 0.6373152055079702, 0.0, 0.0, 0.0, 0.0, 0.0, 0.0, 0.0, 0.0, 0.0, 0.0, 0.0, 0.0, 0.0, 0.0, 0.0, 0.0], "intercept": -0.3940678970807631}
