{
    "coefficient": [
    -0.9438572145514246, 0.07087703056230021, 0.8218008065721529, -1.6338674856220268, 
    -0.9464773480155922, -0.013312420562572182, 0.8099853767493088, -2.0186126893845775, 
    -1.0053451617928004, -0.1851356775744621, 0.06804291662336188, -2.201256809985546, 
    0.0, 0.0, 0.0, 0.0, 
    0.2717781156474191, 0.4864968172470309, -0.22016547045338064, 0.5952510724794972, 
    -2.049571429849158, -0.29227505638885587, -0.2141450065516907, -2.695087163962024, 
    -0.8332070152389184, -0.8025816149682848, -0.7570028443173146, -1.1024254347169853, 
    -0.5681991093353249, 0.07867654603836836, -0.05524759907997711, 0.22982061094712128, 
    0.5526514603599267, -1.5099818441520014, -1.4058469156219395, -2.6120774062815437, 
    0.3012714234395735, 0.8505346176215701, 0.735507453962359, 1.349837203766699, 
    0.7718997899234014, 0.5804806430535312, 0.6912341522185937, -0.18710009307096287, 
    0.7855841498370446, -0.1467628599845312, 0.12492682919443154, -0.32446049522007475, 
    0.7570378665064115, 1.0737611886621474, 0.20987886675704595, -1.0879762565805093, 
    0.5538897837027358, 3.013235508802635, -1.6405665076674576, 8.739131973812627, 
    -0.7150026151600679, 0.14932198946099753, -0.6901702705750722, -0.13971214429095408, 
    0.0, 0.0, 0.0, 0.0, 
    -2.2430483526428375, 1.4225399590711858, 0.03520333181375718, -1.8242168600907396, 
    -3.150766510791887, 0.7765628676401415, -1.9672986405193695, -1.6160684943275814, 
    -0.5793774324376341, 1.1833630894805374, -1.0169538114555874, -0.9682188946919601, 
    0.0, 0.0, 0.0, 0.0, 
    -1.0293816667920426, -0.18906837276963848, 0.4287666512866773, -2.2873118889416797, 
    0.0, 0.0, 0.0, 0.0, 0.0, 0.0, 0.0, 0.0, 0.0, 0.0, 0.0, 0.0, 0.0, 0.0, 0.0, 0.0
    ], 
    "intercept": -0.5421460153464877
}