{"coefficient": [-0.26397910643060785, -0.26120482571033604, -0.1608693477173411, 0.20835714271399627, -0.32717593192944244, -0.411685459357971, -0.18795477254992332, 0.034371607041284384, -0.20725560909775342, -0.8988772542058788, -0.04452657745997693, -0.3180999413626354, 0.0, 0.0, 0.0, 0.0, 1.578734978965238, 0.2258826486189881, 0.10056293381311743, 0.373234348954477, 0.10164539115531447, -2.8054636869746097, 0.9435058407186003, -2.004677486555575, 0.5234036909218356, 0.814425692330265, 0.24887997085310448, 0.5055016471817345, -0.09106989626295608, 0.1980564936062896, 0.03349178189849049, -0.7512956131111898, -5.11178855893469, 3.1082076042195697, -1.4037030216993847, 0.40521157163703664, -0.6699068034684991, -0.13556043574335264, 2.077727142763924, 4.840183828806513, -1.5071101374090299, 1.7878887221708333, -1.552035789249885, 1.6700178379480146, -0.4506241404877179, -0.5227306800796272, -0.6794683072344739, -0.9136528379734814, 0.7130194209545015, 0.0770513719120782, -0.42272428732591216, -0.8959591972055524, 0.20913523138476525, 0.1946581429995026, -0.28824312601007473, 0.9149483400561552, -0.4618019590492444, 1.7794958398443907, 0.1392303093195898, -0.7922031572528135, 0.0, 0.0, 0.0, 0.0, 0.01526689617273632, -0.11635440366316131, -0.6859788867482072, -0.1848710839344669, 0.18459184925933256, -0.4545099217195054, 0.8249690912255105, -0.49701036907553114, -0.25797879078881913, -0.014045257983195584, -0.25500902052415775, -0.23239088514336, 0.0, 0.0, 0.0, 0.0, -0.32516438958643756, -0.8891227342232105, -0.21769961839092955, -0.3282000267975708, 0.0, 0.0, 0.0, 0.0, 0.0, 0.0, 0.0, 0.0, 0.0, 0.0, 0.0, 0.0, 0.0, 0.0, 0.0, 0.0], "intercept": -0.22639178468997245}
