{"coefficient": [-0.8749961644739958, -1.6771676897121657, -1.0229802320709647, -1.5955065861087572, -0.8387353608586753, -1.5449459056522352, -0.9886613580074795, -1.510790120066283, -0.8209658294541453, -1.4322429198111872, -0.5173249775173224, -1.422324957901165, 0.0, 0.0, 0.0, 0.0, 1.0289522597260505, 1.3506132205003285, -0.2925916707180917, -0.21538795517106643, 0.342986829791199, -0.5557341106483855, 0.5448476463172547, 2.431131977711389, -1.1395634585769088, 1.4535609435267514, 0.07877776119068461, -0.04368568364107373, -0.5738189672982084, -1.2343873769997276, 1.3597180030074911, -0.5994169209144157, -0.8232826592068502, -1.5419112596552846, -2.116535828879215, -0.24173697814638342, -0.7063758619314091, 2.5196673826913347, -1.418149619208815, 1.6620423090217695, 2.5784832477546056, -0.6232938196532856, 1.622743084495229, -2.4846996829198513, 2.334280590693952, -0.5203959147795103, 3.0320566320973774, -0.7298768120442348, 1.2170320553057166, 1.6158727549248657, -0.8907467699239194, 1.4976080957086964, 0.5371805648843458, -1.4731943889762915, 1.1046440987831778, -1.3650673456431939, 0.5770144212832048, -2.0710097318206064, 1.3623636841936226, 0.15720573360456822, 0.0, 0.0, 0.0, 0.0, -2.5393503225151006, 0.14909384158467498, -0.8356301415334141, -0.13362058464090598, -0.873254359521648, -0.06593032194638036, -2.923989505215336, -3.804596368607482, -0.5402557689598587, 2.0356406292917506, -0.7519900328096987, -2.640087189980887, 0.0, 0.0, 0.0, 0.0, -0.763719665739719, -1.437708288182746, -0.6899526570212801, -1.4301132568155015, 0.0, 0.0, 0.0, 0.0, 0.0, 0.0, 0.0, 0.0, 0.0, 0.0, 0.0, 0.0, 0.0, 0.0, 0.0, 0.0], "intercept": -1.1207962017878483}
