{"coefficient": [0.03035044469525261, -0.3298041039897974, 0.21746515780806583, -0.7521635505715226, 0.08352808717365177, -0.29870091133004434, 0.23083070043478449, -0.26534920172769, 0.19980015478755783, -0.2709572153184532, 0.1491908287498177, 0.2162702719247734, 0.0, 0.0, 0.0, 0.0, 0.7956508654152927, 0.36967287348151157, 0.3174469170325829, -0.7130574283774991, -1.343019473664107, -3.204213706643434, 0.28300041342336496, 2.687990900069269, 1.2374052115657883, -0.6646583927369348, -0.1649488566077509, 1.2493651365375718, -0.6277549805736266, 1.6373723406823808, 0.8207399405626925, 1.0135417334684491, 0.042367761899397394, -0.6407654659118215, -0.22981947090599655, -0.6323098097560372, -0.6304031214132075, 1.201766326007767, 0.65082857009897, 1.8344716219203048, -0.17589698552801722, 1.0846004592646827, 1.6545373793376394, 1.3821120357790329, 0.660813278714487, -1.7083542441110433, -0.8177750902515915, -0.5825444551060518, 0.8148385236184535, 0.49459400882475774, -0.6681066337952716, 1.138959156504519, -0.6982859060468897, -1.0555086578968582, -0.5331901935184233, 1.018403622487215, 0.5168920425715244, -0.48660384138815826, -0.18482388584882614, -0.45134091722520625, 0.0, 0.0, 0.0, 0.0, -0.6491984444748341, 0.00592821952467067, 0.038718760158205634, -0.48098738677359243, -2.0671927256173577, -1.8921546320473939, -3.5145938736259885, 0.585552095091965, 0.3247037942683032, 0.8634061054433116, -1.750094808199307, 0.38334488930099697, 0.0, 0.0, 0.0, 0.0, 0.19151131524945736, -0.27285502382099713, 0.09596699398049223, 0.22130068832212516, 0.0, 0.0, 0.0, 0.0, 0.0, 0.0, 0.0, 0.0, 0.0, 0.0, 0.0, 0.0, 0.0, 0.0, 0.0, 0.0], "intercept": -0.31254003872987424}
