{"coefficient": [0.5034243524217014, -0.7820260436611627, 0.31659681085012764, 0.8476839011988748, 0.48697850006716265, -0.6918233117860986, 0.36944284261971094, 0.5836303204636285, 0.2936386106811751, -0.6271110918811793, 0.6950159679807135, 0.3780178474405188, 0.0, 0.0, 0.0, 0.0, 0.8276139146129254, -0.5241948582949395, 0.2278665709431551, -0.7562364263346167, 0.25457108870568473, -2.9671267631241776, 1.5360441996638625, 0.34220553635050444, 0.968236917202391, -0.04681253126253148, 0.19243021732167187, 1.3693828991828723, -0.6509829314817265, -1.169653447856292, -0.653186320106922, 1.0074836737831223, -0.3393993167018784, -0.4605285649831921, 0.394962832614606, -0.33448581624731955, -2.9516407317801416, -1.8349061976247878, -3.5145455242774917, -3.3885188286963928, -1.061592803779241, 0.6540761077198923, 0.6043029272518047, 1.4084587672354159, 0.04314587579192057, 0.08020792519470919, -1.0394503804748145, -0.2620699084357533, 0.4987112273356872, 0.09854039222551698, 0.09759602922318783, 0.26740351041002014, 2.5272244263416024, 4.0233567581753, -0.7959179016207016, -2.3183171769516573, 0.11634726884015557, -0.12761457456506603, -0.15978199831806553, -0.29804574713011656, 0.0, 0.0, 0.0, 0.0, 0.09721883075102475, -1.1190838703612873, 0.695765270078094, 0.07298403941561286, -1.3635310489742156, 0.1928535472717906, 0.12462863819799741, 0.7557253505297642, 1.115740902761972, 0.08796793540316096, -0.3880169706946157, 1.0537750093857752, 0.0, 0.0, 0.0, 0.0, 0.4620928831449906, -0.5617055375195197, 0.5015703371337122, 0.32428763171102365, 0.0, 0.0, 0.0, 0.0, 0.0, 0.0, 0.0, 0.0, 0.0, 0.0, 0.0, 0.0, 0.0, 0.0, 0.0, 0.0], "intercept": -0.9618534390817579}
