{"coefficient": [-0.7584890446836215, -2.1721223192474572, 3.321288972270762, -0.06705090632059929, -0.6981394945883292, -2.3314503259903865, 3.360084479266155, -0.3979612393315705, -0.6747488408687887, -1.1978785615652106, 3.5924416908775174, -0.5788955814165974, 0.0, 0.0, 0.0, 0.0, 2.5490694078043132, -0.5409498405761537, -3.1055394571926183, -2.4883564867195527, 1.2297317295943337, 1.9099556785787466, -0.38747882279749507, -0.16962100638655794, 0.38453559231183804, 0.5683666125731566, 1.3248650177969836, -0.4450771800268482, 0.4329383377657778, -1.4477364947933238, -0.5886933963026608, -0.6545531811280826, 2.685853993577498, -3.5851268205238784, 1.8325537135207726, -2.9745962673545367, 1.9385323076034533, -3.0191219805316396, 2.047539924392869, 1.1834402058801559, 0.8196613357920465, 0.005012723500153653, 1.2456095840292707, -0.9489979089833992, 0.8833144961819364, -0.36313100975014445, 0.5077934238008418, 0.09442681993246128, -4.553735340187712, -1.0122427039981277, 2.949818030650005, 0.45891196426758213, -2.9007640348551873, -3.2403829583412724, -2.2491524685865696, -1.8181428836433637, 0.11750440703728554, -1.202318422773413, -0.0751208546439745, -1.6071175251044139, 0.0, 0.0, 0.0, 0.0, -1.9768785611882642, -0.7824474356969837, 3.454167997061151, -0.3841706193870089, 5.3775492197981265, 0.3524007323762173, 4.057515701805476, 5.508954352481378, 0.41303732748192734, -0.9779285255744564, 1.3122493698276, -0.2291687327022112, 0.0, 0.0, 0.0, 0.0, -0.5926827082944036, -1.2679677114891033, 3.569941484278162, -0.5977646465002461, 0.0, 0.0, 0.0, 0.0, 0.0, 0.0, 0.0, 0.0, 0.0, 0.0, 0.0, 0.0, 0.0, 0.0, 0.0, 0.0], "intercept": -4.3246534831417085}
