{"coefficient": [
	-2.8942805611402678, -0.14630307778179524, -2.306612572966872, -0.41727884617198097, 
	-2.9752110072519113, 0.00638020516279102, -2.2601558589928095, -0.2628884459002585, 
	-2.697670446445006, 0.015647713493755284, -2.5815770654019996, 0.02145920646343719, 
	0.0, 0.0, 0.0, 0.0, 
	-4.127881758129935, -1.0479952529331071, 0.1578213013192265, 3.064363029946564, 
	0.6229361464685085, -3.7031470885187714, 0.04685747860507312, 1.3954810767461612, 
	-0.6513011403211137, 0.28356743199225914, -0.4790348844745959, 0.7995913561167531, 
	1.043664783475811, 0.7509827180677101, 0.11135666105928468, 0.38439148081763624, 
	-1.7759878547874908, 2.587221366868323, -0.06369514114845018, 3.326010661276122, 
	-1.185128822250714, 4.22360400426302, 0.04904283910974257, -4.262579146310798, 
	0.3398332736307013, 1.4305635390030635, 1.4954848969943573, -0.35667904388830574, 
	-0.22122187707317345, 1.2344171375173199, -1.225065084815443, 0.13409419044601154, 
	1.276499283193499, 0.4104899987783967, 0.5335159484404353, -0.5719971882429307, 
	2.121965949604831, 0.4164555476045329, 2.1802623520863724, 1.8510958596078724, 
	0.7346065980883887, -0.1380071019170733, 0.47433383535781837, 1.2945319566383122, 
	0.0, 0.0, 0.0, 0.0, 
	-2.0736745460001664, 2.0343421013497984, -2.3883262856728003, 1.716939561616662, 
	-0.30019362184323606, -0.7040299697069968, -0.30403105699661737, 1.943738467955834, 
	-0.42493170014640197, 1.0320491933872762, 0.18986313060385412, 0.492253557944462, 
	0.0, 0.0, 0.0, 0.0, 
	-2.82344284472092, 0.07495150651953364, -2.3607663241494907, -0.05692792879367978, 
	0.0, 0.0, 0.0, 0.0, 0.0, 0.0, 0.0, 0.0, 0.0, 0.0, 0.0, 0.0, 0.0, 0.0, 0.0, 0.0], "intercept": -0.3668902688673161}
