{"coefficient": [0.30196584625215805, -0.3703068835137147, -1.5598616731242902, 0.07452391421361385, 0.3188696773920441, -0.3621010179612699, -1.5636962025994106, 0.03993730538752392, 0.25838787220920606, -0.39459951676514254, -1.5110403992348471, -0.03843219912455529, 0.0, 0.0, 0.0, 0.0, -0.8916584635024007, -0.20866827218418044, 0.9632594470188487, 0.03494018951624164, 0.7558978194405305, -1.1761829247202986, 1.1847824303099237, 0.12985183135268508, -2.1822433326927664, -1.1794430728362946, -0.2434882502069612, -1.2595683405482396, 0.4078666314401105, -0.2542063438609707, -0.24208395926508716, 0.5627464295955235, -0.27533330568489145, -0.05045646931664727, -1.7353654155561484, 0.2876810610937175, 1.762767958516673, -0.7534711657808761, -1.3040612758739267, -0.5270328630318708, -0.32613671513249787, 1.2490655039634562, 0.7425250707027757, 0.34134050520291126, 0.1528060868458679, 0.06185128815379727, -0.7547781674081827, -0.49974967021492084, 0.28550196818704054, 0.8681657324797966, -1.120990644546414, -0.7979817202718091, -0.8355476709091273, -2.0752707048149235, -1.0301660383255493, 1.7573760674346084, 0.872585540384395, -0.05774076091677743, -1.1897866306211595, 0.5891374024370265, 0.0, 0.0, 0.0, 0.0, -0.3874408745168535, -0.02509519755048966, -0.8974360807615767, 1.1629382002909043, -2.56568077235473, -1.0794819871034964, -3.029445722239384, -1.7222065687896722, -0.8272430678203163, 1.4077213421942474, 0.778853844407616, 0.9028213628610329, 0.0, 0.0, 0.0, 0.0, 0.2973686837978292, -0.3710020124986559, -1.535162544581808, -0.014682113848462925, 0.0, 0.0, 0.0, 0.0, 0.0, 0.0, 0.0, 0.0, 0.0, 0.0, 0.0, 0.0, 0.0, 0.0, 0.0, 0.0], "intercept": -0.25555938632811087}
