{"coefficient": [-0.6794349521975764, -0.8201632084026735, 0.6795213047435833, 1.61117106396265, -0.7591335944365689, -0.5696932243096957, 0.6759214278960649, 1.0822078446134336, -0.9818388189504096, -0.06743498299437015, 0.6292203330996226, 0.57324439025914, 0.0, 0.0, 0.0, 0.0, 0.5083556968657813, 1.2013370993169523, -1.498262021246211, -0.6547452344677233, -2.5779750930131584, 0.8317500760747513, -1.6681583563084874, -3.071702013655827, 2.3869415389774464, 1.4067827568216305, -2.287483191754409, 3.880350477103646, 2.301145081999833, 0.8167709745722586, 0.018465956368457662, -0.014531081975476813, -2.617291221683639, 3.1513715080469344, -0.4003595924139932, -1.044085435458039, -2.1209321158456396, 1.6853098853518933, -1.5824804509219197, 0.4845807763454561, 0.30552960882214353, -0.18225920613397587, -1.2179921540403047, -0.03154763260858924, -0.7912696973101435, -0.313433756690457, -1.0697885462955963, -0.16432430426378575, 0.5709783487852346, -0.09520289392802925, 0.7235526057163548, -1.2328152827616967, -0.12625963727444062, 1.2311737211650622, -0.059840485075126924, 0.9974508312403516, -0.7784754095484671, 2.3814428032224475, -0.5848077446072193, 0.9918909427228104, 0.0, 0.0, 0.0, 0.0, -1.0385611518805098, 0.4215013483247796, 1.7678413349749271, 1.0715358418920529, -0.6984641689227129, 1.653173164738884, -0.688432113695552, -1.8118416056701048, -0.678788586636402, 1.9883259834144789, -0.5931492125298398, -2.0305485482764083, 0.0, 0.0, 0.0, 0.0, -0.9149479857731644, -0.09091785029678133, 0.6849298416590048, 0.5444641033745603, 0.0, 0.0, 0.0, 0.0, 0.0, 0.0, 0.0, 0.0, 0.0, 0.0, 0.0, 0.0, 0.0, 0.0, 0.0, 0.0], "intercept": -0.9970588208944674}
