{"coefficient": [-0.3137405811625662, -1.1800206503487183, -0.9932621169585699, -0.36239148932344667, -0.33433083028893806, -1.1948938842866585, -0.985889007164812, -0.12436131889211291, -0.3542914792811073, -1.2871144781525794, -0.9093847972423473, 0.11865537902254697, 0.0, 0.0, 0.0, 0.0, 0.12740212386670788, -0.8921194198928537, 2.3439674125735377, 1.2753093967483045, 0.2046131078661188, -0.6931392058630649, -1.320269927441712, 1.418468887131046, -0.24467237116448878, -0.10245061635319859, -1.498837365081378, 0.7390951511848752, -0.11318736273406645, -0.6633174285491887, 0.17487197782643646, 1.2290916510910397, -0.8964647796886304, -0.8148037218413452, -0.8626109919047185, 0.7397118588831789, 1.8924803671612136, -0.9134819274250685, -0.7690729843894499, 0.028995425169917547, 1.4769441558258136, -3.9417024340432083, 0.6122797456860185, 1.6420521818917195, 0.3910555138232038, 0.5203649304661624, 1.422860358207211, 0.4167196881052815, 0.13014689042264496, 0.7614019104258575, -0.6068365105968296, -0.17943625949054504, 0.35285340286432487, -2.309901408376796, -0.041826130594922115, 2.9512181798528996, 0.5628136459725905, 0.3852009974730755, 1.3164629718515883, 1.2372664134890665, 0.0, 0.0, 0.0, 0.0, -1.288992683756555, -0.6282008756497898, -0.862557576933753, 0.33105406581150476, -2.00222010339346, 0.8807762198128847, -0.6359027955500165, -2.3418030834134402, 0.022136031488921487, 0.8441607119150357, 0.4415289369727165, 0.31303659634043235, 0.0, 0.0, 0.0, 0.0, -0.3568911389342882, -1.304183989168639, -1.198763578285214, 0.11847679025671924, 0.0, 0.0, 0.0, 0.0, 0.0, 0.0, 0.0, 0.0, 0.0, 0.0, 0.0, 0.0, 0.0, 0.0, 0.0, 0.0], "intercept": -1.283875143179475}
